Policy_ID,Rank,TOPSIS Score,Distance to Ideal,Distance to Nadir,Cost_carbon_abatement Score,Social_acceptance_tech Score,Deployment_difficulty Score,Acceptance_policy_instrument Score,Perceived_equity Score,Administrative_burden Score,Cost_gap Score,Relevance Score
I_01,13,0.47069857757709993,0.35370976890624345,0.31454796463076784,0.1903398582151308,0.17903710816789722,0.10320024080787635,0.03398138330152924,0.20075424529139824,0.12247448713915891,0.17297098303421085,0.012271094037955062
N_02,31,0.46336435467972154,0.35891098612506944,0.3099059090158819,0.08697319316236739,0.05892677929895779,0.1313808808347891,0.03398138330152924,0.20075424529139824,0.12247448713915891,0.11655491437240945,0.0
I_03,46,0.4298548397427209,0.3818196257295453,0.2878688191521905,0.10633567502343728,0.16549648654175375,0.017769409201964993,0.13592553320611697,0.10037712264569912,0.12247448713915891,0.08896952309218362,-0.04508119922982905
I_04,13,0.47069857757709993,0.35370976890624345,0.31454796463076784,0.1903398582151308,0.17903710816789722,0.10320024080787635,0.03398138330152924,0.20075424529139824,0.12247448713915891,0.17297098303421085,0.012271094037955062
I_05,31,0.46336435467972154,0.35891098612506944,0.3099059090158819,0.08697319316236739,0.05892677929895779,0.1313808808347891,0.03398138330152924,0.20075424529139824,0.12247448713915891,0.11655491437240945,0.0
I_06,8,0.48050014793037804,0.34811054730551944,0.3219773187808536,0.020926360649912747,0.18167000681742515,0.05459191993960256,0.10194414990458772,0.20075424529139824,0.040824829046386304,0.020812690650590125,0.02229022621553066
N_07,2,0.621818208056978,0.2530567831895616,0.4160837957087685,0.01905603330095033,0.09403209462599645,0.0,0.10194414990458772,0.20075424529139824,0.040824829046386304,0.002192918818150039,0.21139068071995276
N_08,3,0.6215943132560894,0.25319189682818366,0.4159098257353399,0.01905603330095033,0.09403209462599645,0.0,0.16990691650764622,0.10037712264569912,0.12247448713915891,0.002192918818150039,0.21139068071995276
N_09,7,0.4923574077302431,0.3394234995983654,0.32920341383839896,0.23272254623442173,0.16894433001137363,0.023994160602953684,0.16990691650764622,0.05018856132284956,0.040824829046386304,0.2129359005679126,0.04154268176747654
I_10,15,0.4705644691270736,0.3537618880960639,0.31442501562909025,0.1903398582151308,0.17903710816789722,0.10320024080787635,0.16990691650764622,0.15056568396854866,0.2041241452319315,0.17297098303421085,0.012271094037955062
I_11,15,0.4705644691270736,0.3537618880960639,0.31442501562909025,0.1903398582151308,0.17903710816789722,0.10320024080787635,0.16990691650764622,0.15056568396854866,0.2041241452319315,0.17297098303421085,0.012271094037955062
I_12,1,0.9656351109152026,0.023702159174778956,0.6660180699897152,0.02499940404493118,0.1479438288782344,0.17885464449778013,0.16990691650764622,0.15056568396854866,0.2041241452319315,0.016459131040099734,0.7170470360899667
I_13,48,0.0735214347377369,0.6644312380581665,0.0527264631241404,0.0162257503417408,0.16549648654175375,0.24068094136121032,0.16990691650764622,0.15056568396854866,0.2041241452319315,0.0,-0.6106103666703622
I_14,17,0.47055011065979735,0.35376844419313197,0.3144127214200975,0.1903398582151308,0.17903710816789722,0.10320024080787635,0.06796276660305849,0.15056568396854866,0.2041241452319315,0.17297098303421085,0.012271094037955062
I_15,9,0.4804956322336727,0.3481142487261937,0.32197491765166286,0.020926360649912747,0.18167000681742515,0.05459191993960256,0.06796276660305849,0.20075424529139824,0.040824829046386304,0.020812690650590125,0.02229022621553066
I_16,43,0.44237606773127747,0.37352413303137566,0.29632540429331006,0.015015406970575922,0.18304914420527307,0.11022216219847476,0.16990691650764622,0.15056568396854866,0.2041241452319315,0.048652151075862654,-0.028296390332592108
I_17,44,0.44231284995934195,0.37354466939835096,0.29626575992769283,0.015015406970575922,0.18304914420527307,0.11022216219847476,0.16990691650764622,0.10037712264569912,0.12247448713915891,0.048652151075862654,-0.028296390332592108
I_18,44,0.44231284995934195,0.37354466939835096,0.29626575992769283,0.015015406970575922,0.18304914420527307,0.11022216219847476,0.16990691650764622,0.10037712264569912,0.12247448713915891,0.048652151075862654,-0.028296390332592108
I_19,40,0.4424900272542,0.37350458901084715,0.29644681503542414,0.015015406970575922,0.18304914420527307,0.11022216219847476,0.13592553320611697,0.20075424529139824,0.2041241452319315,0.048652151075862654,-0.028296390332592108
I_20,47,0.4202710043305648,0.3882928343391025,0.2814905251955123,0.013364657495710175,0.2256770271023915,0.22044432439694953,0.13592553320611697,0.15056568396854866,0.2041241452319315,0.06210062235331036,-0.056592780665184216
N_21,21,0.46441754440249394,0.35911098820779375,0.3113945230438073,0.016666156445441668,0.14042126130815472,0.0,0.16990691650764622,0.05018856132284956,0.040824829046386304,0.03520367979841496,0.0
I_22,19,0.4644835828185279,0.3591760289705451,0.31153362146549385,0.018305904618032536,0.16549648654175375,0.0,0.16990691650764622,0.10037712264569912,0.12247448713915891,0.0,0.0
I_23,19,0.4644835828185279,0.3591760289705451,0.31153362146549385,0.018305904618032536,0.16549648654175375,0.0,0.16990691650764622,0.10037712264569912,0.12247448713915891,0.0,0.0
I_24,19,0.4644835828185279,0.3591760289705451,0.31153362146549385,0.018305904618032536,0.16549648654175375,0.0,0.16990691650764622,0.10037712264569912,0.12247448713915891,0.0,0.0
I_25,11,0.47795607743423973,0.34990124428564845,0.3203512558602037,0.007282178045302982,0.20812436943887216,0.081573147817522,0.16990691650764622,0.10037712264569912,0.12247448713915891,0.0,0.019419091404719965
I_26,11,0.47795607743423973,0.34990124428564845,0.3203512558602037,0.007282178045302982,0.20812436943887216,0.081573147817522,0.16990691650764622,0.10037712264569912,0.12247448713915891,0.0,0.019419091404719965
I_27,11,0.47795607743423973,0.34990124428564845,0.3203512558602037,0.007282178045302982,0.20812436943887216,0.081573147817522,0.16990691650764622,0.10037712264569912,0.12247448713915891,0.0,0.019419091404719965
I_28,5,0.5049043325068313,0.3316626508699783,0.33823343719173876,0.010272218862742485,0.15045135140159432,0.0262433719520178,0.16990691650764622,0.10037712264569912,0.12247448713915891,0.019660162443842333,0.05492828711620813
I_29,5,0.5049043325068313,0.3316626508699783,0.33823343719173876,0.010272218862742485,0.15045135140159432,0.0262433719520178,0.16990691650764622,0.10037712264569912,0.12247448713915891,0.019660162443842333,0.05492828711620813
I_30,5,0.5049043325068313,0.3316626508699783,0.33823343719173876,0.010272218862742485,0.15045135140159432,0.0262433719520178,0.16990691650764622,0.10037712264569912,0.12247448713915891,0.019660162443842333,0.05492828711620813
N_31,41,0.44246918956262593,0.3735337922272689,0.296444951968478,0.45422087608131445,0.16549648654175375,0.029888829928571094,0.16990691650764622,0.10037712264569912,0.12247448713915891,0.4247753417267503,-0.022609976825023043
N_32,42,0.44243212894795186,0.3736215590105105,0.2964700628498773,0.45422087608131445,0.16549648654175375,0.029888829928571094,0.16990691650764622,0.05018856132284956,0.040824829046386304,0.4247753417267503,-0.022609976825023043
I_33,39,0.4426183308614937,0.37346038875738496,0.29656593151003324,0.45422087608131445,0.16549648654175375,0.029888829928571094,0.13592553320611697,0.15056568396854866,0.040824829046386304,0.4247753417267503,-0.022609976825023043
I_34,30,0.46342148132607036,0.35888843640988405,0.3099576390849401,0.08697319316236739,0.05892677929895779,0.1313808808347891,0.10194414990458772,0.20075424529139824,0.040824829046386304,0.11655491437240945,0.0
I_35,36,0.46240365240472947,0.3593341659254013,0.3090747016808311,0.10854512549804875,0.057046137406437845,0.25198179196005704,0.10194414990458772,0.15056568396854866,0.2041241452319315,0.0899669114959465,0.0
I_36,26,0.46413453853912867,0.35881716972684913,0.31078592196830357,0.06540126082668604,0.06080742119147771,0.01077996970952116,0.10194414990458772,0.15056568396854866,0.12247448713915891,0.14314291724887238,0.0
I_37,26,0.46413453853912867,0.35881716972684913,0.31078592196830357,0.06540126082668604,0.06080742119147771,0.01077996970952116,0.10194414990458772,0.15056568396854866,0.12247448713915891,0.14314291724887238,0.0
I_38,28,0.46403716443011445,0.3588781981742878,0.31071710649398293,0.06540126082668604,0.06080742119147771,0.01077996970952116,0.13592553320611697,0.10037712264569912,0.12247448713915891,0.14314291724887238,0.0
I_39,33,0.46333591741838476,0.3589420132363649,0.30989725677715874,0.08697319316236739,0.05892677929895779,0.1313808808347891,0.13592553320611697,0.20075424529139824,0.2041241452319315,0.11655491437240945,0.0
N_40,24,0.46422915388761077,0.3589512886876851,0.3110203816491281,0.09093145997848484,0.016298896401839385,0.0,0.13592553320611697,0.20075424529139824,0.2041241452319315,0.19327675799528377,0.0
N_41,23,0.4642785676587282,0.3588703680401167,0.3110120491552153,0.12336113027310039,0.012537612616799526,0.0,0.16990691650764622,0.15056568396854866,0.2041241452319315,0.13713489343515103,0.0
N_42,37,0.46083550928406264,0.3609828865965364,0.3085398524050623,0.09372912072299708,0.10155466219607617,0.5039635839201141,0.16990691650764622,0.15056568396854866,0.2041241452319315,0.04279892955674199,0.0
I_43,25,0.4642245653218606,0.3588598421292852,0.3109354095788598,0.07230073196950282,0.10155466219607617,0.02155993941904232,0.16990691650764622,0.10037712264569912,0.12247448713915891,0.03686721194232814,0.0
I_44,22,0.46432667881087203,0.35879665584632503,0.3110083197866619,0.07230073196950282,0.10155466219607617,0.02155993941904232,0.16990691650764622,0.15056568396854866,0.12247448713915891,0.03686721194232814,0.0
I_45,37,0.46083550928406264,0.3609828865965364,0.3085398524050623,0.09372912072299708,0.10155466219607617,0.5039635839201141,0.16990691650764622,0.15056568396854866,0.2041241452319315,0.04279892955674199,0.0
N_46,35,0.4624754078810545,0.3593870396185561,0.3092094206881931,0.08301492634624995,0.10155466219607617,0.2627617616695782,0.10194414990458772,0.15056568396854866,0.12247448713915891,0.03983307074953507,0.0
N_47,29,0.4640181246368834,0.35908431474525754,0.3108717625978157,0.09093145997848484,0.016298896401839385,0.0,0.16990691650764622,0.05018856132284956,0.040824829046386304,0.19327675799528377,0.0
N_48,34,0.4632141342588006,0.3589688112474269,0.3097686391169919,0.08697319316236739,0.05892677929895779,0.1313808808347891,0.06796276660305849,0.15056568396854866,0.2041241452319315,0.11655491437240945,0.0
